商品名称,价格,地区,销量,评论数,商品链接,图片
【至高减1100元+抢先收藏+移动用户专享优惠】苹果iPhone 13全网通5G手机原装国行苹果13官方正品iphone,5999.00,广东,80000,26887,https://detail.tmall.com/item.htm?id=656171251060&ns=1&abbucket=1,https://g-search3.alicdn.com/img/bao/uploaded/i4/i4/713805254/O1CN017MWTrK1ogNgx6VZZ5_!!0-item_pic.jpg
【至高立减1100元 移动用户专享】Apple/苹果iPhone 13手机中国移动官旗苹果13手机官方旗舰店13ProMax,6799.00,浙江,70000,19567,https://detail.tmall.com/item.htm?id=655779574159&ns=1&abbucket=1,https://g-search2.alicdn.com/img/bao/uploaded/i4/i3/1776456424/O1CN01kjWTZ91xKF5aVx5tw_!!0-item_pic.jpg
【赠1年延保】Apple/苹果 iPhone 13 支持移动联通电信5G 双卡双待官方旗舰店自营正品新品游戏,6799.00,浙江,50000,9597,https://detail.tmall.com/item.htm?id=673319726536&ns=1&abbucket=1,https:https://picasso.alicdn.com/imgextra/O1CNA1ekZ6ni2FLJ5qeYsew_!!2213856588863-0-psf.jpg
【购机享6期免息】 Redmi K50 红米手机智能小米k50小米官方旗舰店官网正品 红米k50 40,2399.00,北京,40000,22565,https://detail.tmall.com/item.htm?id=669568470113&ns=1&abbucket=1,https://g-search3.alicdn.com/img/bao/uploaded/i4/i1/1714128138/O1CN01nBwr4s29zFwn3DYg1_!!0-item_pic.jpg
HONOR/荣耀70 5G智能手机 行业首发IMX800三主摄 Vlog主角模式拍摄 前后双曲屏 66W超级快充 官方旗舰店官网,2699.00,广东,30000,7246,https://detail.tmall.com/item.htm?id=674609094725&ns=1&abbucket=1,https://g-search1.alicdn.com/img/bao/uploaded/i4/i3/1114511827/O1CN01aBKd9F1PMoNS6wnF5_!!0-item_pic.jpg
HONOR/荣耀X30 5G手机66W快充4800mAh大电池高清官方旗舰店新品智能全面屏学生音乐电竞安卓游戏商务拍照,1399.00,广东,30000,31080,https://detail.tmall.com/item.htm?id=663552047387&ns=1&abbucket=1,https://g-search1.alicdn.com/img/bao/uploaded/i4/i4/1114511827/O1CN01D4PP6f1PMoNVD9Ueg_!!0-item_pic.jpg
【加赠胶囊耳机】 小米/红米Redmi Note 11 5G 5000mAh大电量智能红米手机5千万像素官方旗舰小米官方旗舰店,1199.00,北京,30000,36007,https://detail.tmall.com/item.htm?id=654578360475&ns=1&abbucket=1,https://g-search3.alicdn.com/img/bao/uploaded/i4/i3/1714128138/O1CN01UtZyRl29zFwf3hHPL_!!0-item_pic.jpg
HUAWEI/华为 nova 9 66W超级快充后置5000万超感知影像鸿蒙操作系统新款智能手机华为官方旗舰店学生机,2599.00,广东,20000,17577,https://detail.tmall.com/item.htm?id=655211043747&ns=1&abbucket=1,https://g-search1.alicdn.com/img/bao/uploaded/i4/i4/2838892713/O1CN01HBYs1E1VubI7T6PHi_!!0-item_pic.jpg
【加赠99元胶囊耳机】Xiaomi/Redmi小米红米Note 11T Pro新品天玑8100处理器拍照智能手机官网note11,1799.00,北京,20000,7066,https://detail.tmall.com/item.htm?id=673650466623&ns=1&abbucket=1,https://g-search1.alicdn.com/img/bao/uploaded/i4/i1/1714128138/O1CN01SQI6cO29zFwloPUI9_!!0-item_pic.jpg
【购机享24期免息】Redmi K50 Pro 天玑9000 2K屏幕智能游戏5g红米手机小米官方旗舰店k50pro,2999.00,北京,10000,13635,https://detail.tmall.com/item.htm?id=669764775548&ns=1&abbucket=1,https://g-search1.alicdn.com/img/bao/uploaded/i4/i4/1714128138/O1CN01BAyuJ429zFwhp2uZf_!!0-item_pic.jpg
【购机享6期免息】Redmi K40S 红米手机快充智能小米官方旗舰店官网正品红米 红米K40 50,1999.00,北京,10000,10965,https://detail.tmall.com/item.htm?id=669569182078&ns=1&abbucket=1,https://g-search3.alicdn.com/img/bao/uploaded/i4/i2/1714128138/O1CN01u03Gno29zFwn3Hidx_!!0-item_pic.jpg
[官方旗舰]4G全网通纽曼M560正品老年手机超长待机老人机大屏幕大字大声音男女士电信版学生专用智能按键,79.00,广东,10000,129144,https://detail.tmall.com/item.htm?id=522900342691&ns=1&abbucket=1,https://g-search2.alicdn.com/img/bao/uploaded/i4/i3/1707225666/O1CN014u2n851rj4oE8GcwG_!!0-item_pic.jpg
【至高立减1100元 移动用户专享】Apple/苹果iPhone 13手机苹果13中国移动官旗苹果5G官方旗舰店,6799.00,浙江,10000,12754,https://detail.tmall.com/item.htm?id=656171271212&ns=1&abbucket=1,https://g-search3.alicdn.com/img/bao/uploaded/i4/i4/1776456424/O1CN01R02KVK1xKF5icq0e3_!!0-item_pic.jpg
【立即抢购】小米/红米Redmi Note 11 Pro 5G红米手机一亿像素拍照智能全面屏游戏小米官方旗舰店,1599.00,北京,10000,48410,https://detail.tmall.com/item.htm?id=655021793267&ns=1&abbucket=1,https://g-search2.alicdn.com/img/bao/uploaded/i4/i1/1714128138/O1CN010BZfPE29zFwlrablq_!!0-item_pic.jpg
【至高省800元 赢线控耳机】vivo iQOO 9新品骁龙8智能120W闪充5g游戏电竞手机vivoiqoo9爱酷官方旗舰店官网,4399.00,广东,10000,11957,https://detail.tmall.com/item.htm?id=665429563762&ns=1&abbucket=1,https://g-search1.alicdn.com/img/bao/uploaded/i4/i3/883737303/O1CN01sYC0oX23opEQOpP4U_!!0-item_pic.jpg
【至高优惠200元】OPPOK9x 5G手机智能拍照全面屏新款学生游戏oppo手机官网旗舰店官方正品oppok9x,1299.00,广东,10000,11925,https://detail.tmall.com/item.htm?id=664379829377&ns=1&abbucket=1,https://g-search1.alicdn.com/img/bao/uploaded/i4/i2/901409638/O1CN01l3eIN72L4G2u8UoDz_!!0-item_pic.jpg
【购机优惠200元】OPPOK9s 5G手机智能拍照全面屏游戏手机排行榜oppo手机官网旗舰店官方正品学生机oppok9s,1399.00,广东,10000,16790,https://detail.tmall.com/item.htm?id=656448201064&ns=1&abbucket=1,https://g-search2.alicdn.com/img/bao/uploaded/i4/i4/901409638/O1CN014j5VfN2L4G2wQT9AX_!!0-item_pic.jpg
【赠充电器】HUAWEI/华为 P50 HarmonyOS2原色双影像单元新款华为智能手机新款华为官方旗舰店p50pro同系列,4488.00,广东,10000,8266,https://detail.tmall.com/item.htm?id=656714563274&ns=1&abbucket=1,https://g-search3.alicdn.com/img/bao/uploaded/i4/i4/2838892713/O1CN01v87GsM1VubI4zCvYs_!!0-item_pic.jpg
【立即抢购 购机享24期免息】Xiaomi 125g手机骁龙8智能游戏拍照小米官方旗舰店官网红米安卓小米12,3699.00,北京,10000,12665,https://detail.tmall.com/item.htm?id=661566432117&ns=1&abbucket=1,https://g-search3.alicdn.com/img/bao/uploaded/i4/i4/1714128138/O1CN01j9ELun29zFwfY4KNA_!!0-item_pic.jpg
【品质小金刚】小米红米Redmi Note 11 4G 手机5000万高清三摄5000mAh大电量拍照游戏智能官方旗舰店note11,969.00,北京,10000,11156,https://detail.tmall.com/item.htm?id=661128946227&ns=1&abbucket=1,https://g-search3.alicdn.com/img/bao/uploaded/i4/i1/1714128138/O1CN01NTSQ0i29zFwfjiJHa_!!0-item_pic.jpg
【24期免息 晒单赠闪充套装】vivo X80新品旗舰手机天玑9000蔡司拍照智能5G游戏全面屏120Hz官方旗舰店官网,3699.00,广东,10000,10028,https://detail.tmall.com/item.htm?id=670819533653&ns=1&abbucket=1,https://g-search1.alicdn.com/img/bao/uploaded/i4/i3/2207440821122/O1CN01oheCXk1K9v9QgRZRQ_!!0-item_pic.jpg
【24期免息 至高优惠50元】OPPO Reno8 5G手机智能拍照官网正品新款游戏大内存学生oppo旗舰店reno,2449.00,广东,10000,2913,https://detail.tmall.com/item.htm?id=674693295275&ns=1&abbucket=1,https://g-search1.alicdn.com/img/bao/uploaded/i4/i2/901409638/O1CN01v3s7e32L4G2qwj3Iu_!!0-item_pic.jpg
Apple/苹果 iPhone 12支持移动联通电信5G双卡双待官方旗舰店自营正品新品游戏手机,5119.00,浙江,10000,1125,https://detail.tmall.com/item.htm?id=676071545899&ns=1&abbucket=1,https:https://picasso.alicdn.com/imgextra/O1CNA1yPx5Xh2FLJ5zQZQRD_!!2213856588863-0-psf.jpg
【推荐购买10A 老年机备用机优选】小米红米9A 5000mAh大电量大屏幕智能拍照手机官方旗舰店官网redmi 9a,799.00,北京,9000,179046,https://detail.tmall.com/item.htm?id=623346006409&ns=1&abbucket=1,https://g-search1.alicdn.com/img/bao/uploaded/i4/i2/1714128138/O1CN01C8i2Jk29zFwoITJBC_!!0-item_pic.jpg
【立即抢购 购机享6期免息】Xiaomi 12X 5g骁龙870处理器智能全面屏幕小米12X官网手机小米官方旗舰店,2999.00,北京,9000,3659,https://detail.tmall.com/item.htm?id=661981529770&ns=1&abbucket=1,https://g-search3.alicdn.com/img/bao/uploaded/i4/i4/1714128138/O1CN01ZQjDJ229zFwi8U1Sn_!!0-item_pic.jpg
【抢6台5折 至高省500赢双肩包】vivo iQOO Z5骁龙长续航学生闪充游戏5g大电池手机爱酷官方旗舰店vivoiqooz5,1849.00,广东,9000,19863,https://detail.tmall.com/item.htm?id=655581814644&ns=1&abbucket=1,https://g-search2.alicdn.com/img/bao/uploaded/i4/i3/883737303/O1CN01iDppnx23opEXSWDWU_!!0-item_pic.jpg
HONOR/荣耀60 5G手机高通骁龙芯片 AI识别 Vlog隔空换镜 大内存官方旗舰店官网正品全新智能游戏拍照50,2499.00,广东,9000,23495,https://detail.tmall.com/item.htm?id=660510448654&ns=1&abbucket=1,https://g-search3.alicdn.com/img/bao/uploaded/i4/i3/1114511827/O1CN010Tkuim1PMoNJfd87C_!!0-item_pic.jpg
HONOR/荣耀畅玩20 4G手机5000mAh大电池6.5英寸高清护眼屏震撼大音量新款官方旗舰店官网正品学生备用老人机,899.00,广东,8000,28652,https://detail.tmall.com/item.htm?id=642412164165&ns=1&abbucket=1,https://g-search3.alicdn.com/img/bao/uploaded/i4/i3/1114511827/O1CN01HQvXyz1PMoNNmxTp1_!!2-item_pic.png
HUAWEI/华为nova9 SE 新款华为智能手机一亿像素66W超级快充全面屏华为官方旗舰店正品学生机,2199.00,广东,8000,4756,https://detail.tmall.com/item.htm?id=669297864781&ns=1&abbucket=1,https://g-search3.alicdn.com/img/bao/uploaded/i4/i2/2838892713/O1CN01i0EeVZ1VubIAWXVvL_!!0-item_pic.jpg
【赠1年延保】Apple/苹果iPhone 13 Pro支持移动联通电信5G双卡双待官方旗舰店自营正品新品游戏,7999.00,浙江,8000,1313,https://detail.tmall.com/item.htm?id=672991329650&ns=1&abbucket=1,https:https://picasso.alicdn.com/imgextra/O1CNA1C8CvTj2FLJ61w5Oxy_!!2213856588863-0-psf.jpg
移动用户专享330xiaomi小米Redmi红米K50 5G手机中国移动官旗旗舰新品智能红米小米k50官网正品小米官方旗舰,2399.00,浙江,8000,1178,https://detail.tmall.com/item.htm?id=669844557178&ns=1&abbucket=1,https://g-search3.alicdn.com/img/bao/uploaded/i4/i2/1776456424/O1CN011WBlWe1xKF5P3LGW3_!!0-item_pic.jpg
【立即抢购 购机享24期免息】Xiaomi 12Pro5g手机骁龙8智能游戏拍照小米官方旗舰店红米安卓小米12pro,4699.00,北京,8000,10072,https://detail.tmall.com/item.htm?id=661557924703&ns=1&abbucket=1,https://g-search3.alicdn.com/img/bao/uploaded/i4/i2/1714128138/O1CN014AZrx629zFwtmDkek_!!0-item_pic.jpg
【至高立减1100元 移动用户专享 中国移动官旗】苹果13手机iPhone13苹果手机官方旗舰店苹果5G,6799.00,浙江,8000,4147,https://detail.tmall.com/item.htm?id=655405261024&ns=1&abbucket=1,https://g-search3.alicdn.com/img/bao/uploaded/i4/i4/1776456424/O1CN01uwv36U1xKF5iALER1_!!0-item_pic.jpg
【3期免息赢耳机背包】iQOO Neo6 SE新品骁龙870智能5g新款游戏电竞手机爱酷官方旗舰店vivoiqoo 活力版 iqqo,2299.00,广东,7000,3481,https://detail.tmall.com/item.htm?id=673729867178&ns=1&abbucket=1,https://g-search3.alicdn.com/img/bao/uploaded/i4/i3/883737303/O1CN01k93es523opEaG8HvB_!!0-item_pic.jpg
[4G全网通]关爱心G1三防老人机超长待机正品电信版移动联通老年手机大屏大字大声音女学生专用非智能按键,78.00,广东,7000,70745,https://detail.tmall.com/item.htm?id=594428613643&ns=1&abbucket=1,https://g-search2.alicdn.com/img/bao/uploaded/i4/i4/2200796017848/O1CN016LhlLr27qR1IWaJ7T_!!0-item_pic.jpg
HONOR/荣耀70 Pro 5G智能手机行业首发IMX800三主摄 Vlog主角模式拍摄 天玑8000旗舰芯片 100W超级快充,3699.00,广东,7000,1491,https://detail.tmall.com/item.htm?id=673693960616&ns=1&abbucket=1,https://g-search2.alicdn.com/img/bao/uploaded/i4/i4/1114511827/O1CN01qwM2wn1PMoND08dye_!!0-item_pic.jpg
【至高立减200 会员赠耳机】vivo Y32智能游戏手机大内存电池 vivo官方旗舰店官网正品功能机学生机y32,1099.00,广东,7000,5914,https://detail.tmall.com/item.htm?id=664498716996&ns=1&abbucket=1,https:https://picasso.alicdn.com/imgextra/O1CNA1N8KYaQ1K9v9BQHRm0_!!2207440821122-0-psf.jpg
HONOR/荣耀Play6T 5G手机5000mAh大电池22.5W快充新款官方旗舰店正品学生游戏拍照商务智能安卓5TX30,1199.00,广东,6000,2782,https://detail.tmall.com/item.htm?id=671409753654&ns=1&abbucket=1,https://g-search3.alicdn.com/img/bao/uploaded/i4/i3/1114511827/O1CN01ZQ4Y8R1PMoNE31491_!!0-item_pic.jpg
【备用机老年机】小米红米手机Redmi 10A 大电量大屏幕大音量小米官方旗舰店9a9A老年机备用机,699.00,北京,6000,3210,https://detail.tmall.com/item.htm?id=670181997446&ns=1&abbucket=1,https://g-search3.alicdn.com/img/bao/uploaded/i4/i2/1714128138/O1CN01z6m5Un29zFwkfrfph_!!0-item_pic.jpg
HONOR/荣耀Play6T Pro新款5G手机40W快充6.7英寸高刷护眼大屏7.45mm超薄设计官方旗舰店官网正品学生游戏X30,1399.00,广东,6000,2896,https://detail.tmall.com/item.htm?id=672157987250&ns=1&abbucket=1,https://g-search3.alicdn.com/img/bao/uploaded/i4/i2/1114511827/O1CN01La1sPP1PMoNSHeDFo_!!0-item_pic.jpg
【24期免息 晒单赠双肩包】vivo S15新品骁龙870拍照智能游戏电竞学生5G正品手机官方旗舰店S12pro新款,2699.00,广东,6000,2902,https://detail.tmall.com/item.htm?id=674689655295&ns=1&abbucket=1,https:https://picasso.alicdn.com/imgextra/O1CNA1P13NI81K9v9Di0P86_!!2207440821122-0-psf.jpg
【至高省800 整点赢双肩包】vivo iQOO Neo5S新品手机高通骁龙888游戏爱酷正品官方旗舰店iqooneoneo5s,2499.00,广东,6000,8885,https://detail.tmall.com/item.htm?id=662887123493&ns=1&abbucket=1,https://g-search3.alicdn.com/img/bao/uploaded/i4/i1/883737303/O1CN01efG9nZ23opETZ7jYy_!!0-item_pic.jpg
新品现货【送碎屏险24期分期】小米Redmi 红米K50 Pro 天玑9000手机5G小米k50官方旗舰店正品官网红米k50 pro,2499.00,广东,6000,2405,https://detail.tmall.com/item.htm?id=669826529070&ns=1&abbucket=1,https://g-search1.alicdn.com/img/bao/uploaded/i4/i3/2024314280/O1CN01ZFhMP31hUHvVZhLtb_!!0-item_pic.jpg
【新品上市】华为/HUAWEI 畅享50 新款智能手机6000mAh大电池6.75英寸影音大屏86dB大音量搭载鸿蒙系统学生机,1499.00,广东,6000,1253,https://detail.tmall.com/item.htm?id=673653128280&ns=1&abbucket=1,https://g-search1.alicdn.com/img/bao/uploaded/i4/i4/2838892713/O1CN01zf4xtG1VubI3tUwZK_!!0-item_pic.jpg
HUAWEI/华为 畅享20e 智能手机大电池高清大屏双卡双待新品新款华为官方旗舰店官网学生机,1399.00,广东,6000,8735,https://detail.tmall.com/item.htm?id=657301414788&ns=1&abbucket=1,https://g-search1.alicdn.com/img/bao/uploaded/i4/i4/2838892713/O1CN012haqED1VubI8PUV1C_!!0-item_pic.jpg
【直播间专享！】iPhone 13 5G手机苹果13手机官方旗舰店iphone13正品苹果苹果13,5999.00,广东,5000,1066,https://detail.tmall.com/item.htm?id=656171747260&ns=1&abbucket=1,https://g-search1.alicdn.com/img/bao/uploaded/i4/i4/713805254/O1CN01uVCAAQ1ogNgz378to_!!0-item_pic.jpg
HUAWEI/华为nova 8 SE 新款智能手机大屏全网通6400万高清四摄66W超级快充华为官方旗舰店学生机老人机,2099.00,广东,5000,4124,https://detail.tmall.com/item.htm?id=662217987752&ns=1&abbucket=1,https://g-search2.alicdn.com/img/bao/uploaded/i4/i4/2838892713/O1CN01lyRWrF1VubI7iQdGs_!!0-item_pic.jpg
移动用户专享570小米Redmi红米Note 9 5G手机中国移动官旗学生小米note9小米官方旗舰店官网正品,1449.00,浙江,5000,18989,https://detail.tmall.com/item.htm?id=632511241760&ns=1&abbucket=1,https://g-search3.alicdn.com/img/bao/uploaded/i4/i3/1776456424/O1CN01iGlQWH1xKF5YbX8Qo_!!0-item_pic.jpg
HUAWEI nova 9 Pro 全网通双3200万前置Vlog镜头鸿蒙操作系统100W超快充华为手机256GB内存华为官方旗舰店,3299.00,广东,5000,5684,https://detail.tmall.com/item.htm?id=655524197256&ns=1&abbucket=1,https://g-search2.alicdn.com/img/bao/uploaded/i4/i2/2838892713/O1CN01LG9RUC1VubI70w2h3_!!0-item_pic.jpg
【至高省1100 赢线控耳机】vivo iQOO 9 Pro新品120W闪充2K E5屏骁龙8游戏5g手机爱酷官方旗舰店vivoiqoo9pro,5499.00,广东,5000,5366,https://detail.tmall.com/item.htm?id=665063206352&ns=1&abbucket=1,https://g-search2.alicdn.com/img/bao/uploaded/i4/i3/883737303/O1CN01GHnB3q23opEJDaD2M_!!0-item_pic.jpg
【下单立减800元 移动用户专享】苹果13Pro手机中国移动官旗iPhone13Pro苹果手机官方旗舰店5G,11999.00,浙江,5000,4351,https://detail.tmall.com/item.htm?id=655427889453&ns=1&abbucket=1,https://g-search3.alicdn.com/img/bao/uploaded/i4/i3/1776456424/O1CN01fLuwYc1xKF5fK5I3F_!!0-item_pic.jpg
HONOR/荣耀X30i 5G手机荣耀官方旗舰店新品正品全新智能拍照电竞游戏音乐手机6.7英寸,1299.00,广东,5000,13444,https://detail.tmall.com/item.htm?id=656925869424&ns=1&abbucket=1,https://g-search1.alicdn.com/img/bao/uploaded/i4/i3/1114511827/O1CN01oc6Bgi1PMoNIhFedN_!!0-item_pic.jpg
现货12期分期送碎屏宝】Redmi 红米K50 5G手机官方旗舰店正品官网红米k50旗舰新品智能游戏红米小米k50,2399.00,广东,5000,2802,https://detail.tmall.com/item.htm?id=670519127043&ns=1&abbucket=1,https://g-search1.alicdn.com/img/bao/uploaded/i4/i2/2024314280/O1CN01Vt6Dme1hUHvSAjPmH_!!0-item_pic.jpg
【8+128G低至1499】realme真我GTNeo2T天玑1200-AI65W闪充学生智能拍照游戏5G手机官方旗舰gtneo2t,2099.00,广东,5000,7589,https://detail.tmall.com/item.htm?id=657281530335&ns=1&abbucket=1,https://g-search1.alicdn.com/img/bao/uploaded/i4/i3/2200766936524/O1CN01V58EYQ1y42hBUyGCB_!!0-item_pic.jpg
【赠充电器】HUAWEI/华为 P50 Pro 全网通新款智能手机200倍变焦范围原色双影像单元华为官方旗舰店官网,5488.00,广东,5000,2329,https://detail.tmall.com/item.htm?id=663154942834&ns=1&abbucket=1,https://g-search3.alicdn.com/img/bao/uploaded/i4/i4/2838892713/O1CN01eVIr4j1VubI0hkzB6_!!0-item_pic.jpg
【至高优惠100元】OPPO K10 5G手机拍照智能全面屏新款电竞游戏oppo手机官网旗舰店官方正品学生oppok10,1899.00,广东,4000,2350,https://detail.tmall.com/item.htm?id=672660294082&ns=1&abbucket=1,https://g-search2.alicdn.com/img/bao/uploaded/i4/i2/901409638/O1CN01lmk4PN2L4G2rg6NZ6_!!0-item_pic.jpg
【下单立减800元 移动用户专享】苹果13ProMax手机iPhone13ProMax中国移动官旗iPhone13官方旗舰店,12999.00,浙江,4000,5290,https://detail.tmall.com/item.htm?id=655429237259&ns=1&abbucket=1,https://g-search2.alicdn.com/img/bao/uploaded/i4/i3/1776456424/O1CN01mCMGpt1xKF5WEVMGK_!!0-item_pic.jpg
【赠1年延保】Apple/苹果 iPhone 13 Pro Max支持移动联通电信5G双卡双待官方自营正品新品游戏,8999.00,浙江,4000,681,https://detail.tmall.com/item.htm?id=673317934913&ns=1&abbucket=1,https:https://picasso.alicdn.com/imgextra/O1CNA1Sw5PiU2FLJ5gHodDj_!!2213856588863-0-psf.jpg
【12期免息 至高立减400元】vivo S12新品5G游戏拍照轻薄手机vivo官方旗舰店官网正品新款vivos12s10,2799.00,广东,4000,8818,https://detail.tmall.com/item.htm?id=662727761739&ns=1&abbucket=1,https:https://picasso.alicdn.com/imgextra/O1CNA1dHd6Fc1K9v9CzCJQw_!!2207440821122-0-psf.jpg
【官方旗舰店】金立V5老年手机4G全网通正品超长待机老人机大屏幕大字大声音男女电信版学生专用智能按键,69.00,广东,4000,2475,https://detail.tmall.com/item.htm?id=670381066296&ns=1&abbucket=1,https://g-search3.alicdn.com/img/bao/uploaded/i4/i2/2209781585439/O1CN016swoTa1q36wd8FeBx_!!0-item_pic.jpg
【至高立省100元】realme真我GTNeo3游戏手机天玑8100 150W光速秒充120Hz畅速屏学生gt neo3,1999.00,广东,4000,4964,https://detail.tmall.com/item.htm?id=669723685934&ns=1&abbucket=1,https://g-search1.alicdn.com/img/bao/uploaded/i4/i2/2200766936524/O1CN01xaZYQq1y42hJbaNFz_!!0-item_pic.jpg
【加赠99元胶囊耳机】小米红米Note 11T Pro新品天玑8100处理器游戏5G手机官网小米官方旗舰店note11,1799.00,北京,4000,940,https://detail.tmall.com/item.htm?id=673673513869&ns=1&abbucket=1,https://g-search3.alicdn.com/img/bao/uploaded/i4/i2/1714128138/O1CN01isfD6B29zFwmECpcP_!!0-item_pic.jpg
【抢4台5折至高省200赢背包】iQOO Neo6新品骁龙8智能5g游戏电竞手机爱酷官方旗舰店正品vivoiqooneo iqooneo,2799.00,广东,4000,3503,https://detail.tmall.com/item.htm?id=671392806502&ns=1&abbucket=1,https://g-search1.alicdn.com/img/bao/uploaded/i4/i2/883737303/O1CN01IAELJf23opEUzCzFj_!!0-item_pic.jpg
【6期免息 晒单返20红包】vivo T2x新品高性能拍照高刷智能学生5G游戏大内存大电池手机vivo官方旗舰正品,1899.00,广东,4000,885,https://detail.tmall.com/item.htm?id=675089890860&ns=1&abbucket=1,https:https://picasso.alicdn.com/imgextra/O1CNA18a9Uug1K9v9NapkJK_!!2207440821122-0-psf.jpg
【24期免息 至高优惠50元】OPPO Reno8 Pro 5G手机智能拍照官网正品新款游戏大内存学生oppo旗舰店,2949.00,广东,4000,1222,https://detail.tmall.com/item.htm?id=674692919983&ns=1&abbucket=1,https://g-search1.alicdn.com/img/bao/uploaded/i4/i4/901409638/O1CN01JRuXfw2L4G2qpcmVv_!!0-item_pic.jpg
【3期免息 至高优惠800】OnePlus/一加9RT 5g手机享OPPO售后游戏拍照骁龙手机一加9rt手机官方旗舰店官网正品,2349.00,广东,4000,10388,https://detail.tmall.com/item.htm?id=656201693862&ns=1&abbucket=1,https://g-search3.alicdn.com/img/bao/uploaded/i4/i2/2256022143/O1CN01vHVeRc1RhXXDdT4GY_!!0-item_pic.jpg
【4G全网通】纽曼 L8S三防老年机超长待机声音大老人手机大屏大字按键移动联通电信版女功能学生官方旗舰,78.00,广东,4000,27676,https://detail.tmall.com/item.htm?id=571605208579&ns=1&abbucket=1,https://g-search3.alicdn.com/img/bao/uploaded/i4/i3/1875287427/O1CN01pbmVMf24jcGNsXNLK_!!0-item_pic.jpg
下单立减20元红米9A中国移动官旗大电池大屏幕老人学生小米智能手机小米官方旗舰店Redmi 9A小米红米,799.00,浙江,4000,6775,https://detail.tmall.com/item.htm?id=630937178913&ns=1&abbucket=1,https://g-search1.alicdn.com/img/bao/uploaded/i4/i1/1776456424/O1CN01Owx7rz1xKF5dC68CZ_!!0-item_pic.jpg
纽曼F9翻盖老人机超长待机大容量电池老年手机大屏大字大声音全语音王电信4G学生男女老年人官方授权旗舰正品,188.00,广东,4000,31472,https://detail.tmall.com/item.htm?id=552578279064&ns=1&abbucket=1,https://g-search3.alicdn.com/img/bao/uploaded/i4/i3/2080231551/O1CN01ypmYBV1NKP31hAUnV_!!0-item_pic.jpg
【24期免息】OPPO Reno8 Pro+ 5G手机智能拍照官网正品新款电竞游戏大内存学生oppo旗舰店,3699.00,广东,4000,1586,https://detail.tmall.com/item.htm?id=674692043824&ns=1&abbucket=1,https://g-search3.alicdn.com/img/bao/uploaded/i4/i2/901409638/O1CN01JHM4jU2L4G2s0pPfX_!!0-item_pic.jpg
【券后低至2299元 享6期免息】OnePlus/一加 Ace手机天玑8100-MAX 120Hz柔性屏幕游戏独立芯片oppo售后,2399.00,广东,4000,2965,https://detail.tmall.com/item.htm?id=672339773208&ns=1&abbucket=1,https://g-search3.alicdn.com/img/bao/uploaded/i4/i4/2256022143/O1CN01SCEz1F1RhXX3y2iKt_!!0-item_pic.jpg
【立省400 整点赢耳机】vivo iQOO Z5x新品天玑长续航学生游戏拍照5g手机爱酷官方旗舰店正品vivoiqooz5x,1599.00,广东,3000,7024,https://detail.tmall.com/item.htm?id=657301374682&ns=1&abbucket=1,https://g-search3.alicdn.com/img/bao/uploaded/i4/i1/883737303/O1CN01EqyQA223opEJGyXXR_!!0-item_pic.jpg
【老年机备用机优选】小米红米手机Redmi 10A 5000mAh大电量大屏幕智能游戏拍照小米官方旗舰店,699.00,北京,3000,1078,https://detail.tmall.com/item.htm?id=670909257087&ns=1&abbucket=1,https://g-search1.alicdn.com/img/bao/uploaded/i4/i1/1714128138/O1CN01u2k5tt29zFwko1OzT_!!0-item_pic.jpg
【至高省100元 整点赢耳机】vivo iQOO U5x新品手机千元学生老人大电池智能爱酷iq00官方旗舰店vivoiqoou5x,899.00,广东,3000,1727,https://detail.tmall.com/item.htm?id=670226534820&ns=1&abbucket=1,https://g-search1.alicdn.com/img/bao/uploaded/i4/i2/883737303/O1CN01E6wnnn23opEV8mSXG_!!0-item_pic.jpg
HONOR/荣耀Magic4 5G手机 高通骁龙8芯片 潜望长焦摄像头 高频高刷曲面屏66W超级快充官方旗舰店官网智能拍照,3999.00,广东,3000,5414,https://detail.tmall.com/item.htm?id=669580414412&ns=1&abbucket=1,https://g-search3.alicdn.com/img/bao/uploaded/i4/i3/1114511827/O1CN01jqglVw1PMoNJSrsBN_!!0-item_pic.jpg
【4G全网通】金立L9老人机超长待机正品老年手机男女士学生专用电信版大屏大字大声音一键拨号官方旗舰店 530,139.00,江苏,3000,15457,https://detail.tmall.com/item.htm?id=642977007047&ns=1&abbucket=1,https://g-search3.alicdn.com/img/bao/uploaded/i4/i4/2616970884/O1CN01TkDYtT1IOusZ6cjI9_!!0-item_pic.jpg
移动用户专享300Redmi红米K40S 5g小米手机中国移动官旗骁龙870小米智能游戏红米k40s旗舰官网正品小米官方,2199.00,浙江,3000,615,https://detail.tmall.com/item.htm?id=670670990968&ns=1&abbucket=1,https://g-search1.alicdn.com/img/bao/uploaded/i4/i4/1776456424/O1CN01ND8fQ01xKF5iCEJWP_!!0-item_pic.jpg
【官方旗舰店】诺基亚105老年手机老人机超长待机声音大迷你小学生专用儿童经典款手机备用旗舰店正品,139.00,天津,3000,31826,https://detail.tmall.com/item.htm?id=604509555601&ns=1&abbucket=1,https://g-search2.alicdn.com/img/bao/uploaded/i4/i1/3367335567/O1CN01bahkZu1qzjf9Cmfpt_!!0-item_pic.jpg
【20点再省200元抢5折 抢先加购】vivo iQOO 8骁龙888芯120W闪充5G正品智能游戏手机爱酷官方旗舰店vivoiqoo8,3699.00,广东,3000,12630,https://detail.tmall.com/item.htm?id=652264647086&ns=1&abbucket=1,https://g-search2.alicdn.com/img/bao/uploaded/i4/i3/883737303/O1CN01uhJntS23opEOCemBq_!!0-item_pic.jpg
【移动用户专享至高450】vivo iqoo u5 5g手机中国移动官旗iqoou5 vivou5iqoou3 vivo官方旗舰店,1329.00,浙江,3000,2058,https://detail.tmall.com/item.htm?id=669115907519&ns=1&abbucket=1,https://g-search3.alicdn.com/img/bao/uploaded/i4/i3/1776456424/O1CN010a6lwu1xKF5YQfNV9_!!0-item_pic.jpg
HONOR/荣耀X30 5G手机66W快充4800mAh大电池高清影像旗舰店新品智能全面屏学生拍照音乐电竞游戏安卓,1399.00,广东,3000,2540,https://detail.tmall.com/item.htm?id=664267341259&ns=1&abbucket=1,https://g-search3.alicdn.com/img/bao/uploaded/i4/i1/1114511827/O1CN01gX5UH11PMoNJPqhaB_!!0-item_pic.jpg
官方旗舰店正品飞利浦全网通4G老人机大字大声大屏超长待机老年手机男女款电信版按键学生备用功能机1617,138.00,浙江,3000,2332,https://detail.tmall.com/item.htm?id=665035360234&ns=1&abbucket=1,https://g-search1.alicdn.com/img/bao/uploaded/i4/i2/2616970884/O1CN01ikB9L71IOuroMcEf0_!!0-item_pic.jpg
【移动用户专享 抢先收藏 全国联保1年】iPhone 13 5G手机苹果13手机官方旗舰店iphone13正品苹果苹果13,5999.00,广东,3000,1465,https://detail.tmall.com/item.htm?id=655406333042&ns=1&abbucket=1,https://g-search3.alicdn.com/img/bao/uploaded/i4/i3/713805254/O1CN01hAwUF11ogNgu23yA5_!!0-item_pic.jpg
【立即抢购】小米红米Note 11 SE新品5G游戏拍照智能手机5000mAh官网小米官方旗舰店note11,999.00,北京,3000,555,https://detail.tmall.com/item.htm?id=673657654017&ns=1&abbucket=1,https://g-search3.alicdn.com/img/bao/uploaded/i4/i2/1714128138/O1CN01oQQptj29zFwZQ70UN_!!0-item_pic.jpg
【至高立省300元 立即抢购】小米11 5g骁龙888旗舰2K屏幕智能全面屏小米手机红米安卓小米官方旗舰店,3499.00,北京,3000,51495,https://detail.tmall.com/item.htm?id=634228151538&ns=1&abbucket=1,https://g-search3.alicdn.com/img/bao/uploaded/i4/i1/1714128138/O1CN01TXOz8329zFwqVrGjp_!!0-item_pic.jpg
【4G全网通】关爱心A9翻盖老人机超长待机老年手机电信版超强信号一键拨号大屏大字大声音女学生官方旗舰正品,138.00,江苏,3000,3417,https://detail.tmall.com/item.htm?id=669658582467&ns=1&abbucket=1,https://g-search2.alicdn.com/img/bao/uploaded/i4/i3/2616970884/O1CN01KdlxoB1IOusSAUe0G_!!0-item_pic.jpg
【立省500 库存有限】vivo iQOO Neo5活力版高通骁龙870 5g游戏爱酷智能新品手机官方旗舰店iqooneo5 iq00,2499.00,广东,3000,34777,https://detail.tmall.com/item.htm?id=644089613237&ns=1&abbucket=1,https://g-search1.alicdn.com/img/bao/uploaded/i4/i4/883737303/O1CN01fGNnkx23opEVZjJJR_!!0-item_pic.jpg
【6期免息 至高立减50元】vivo Y72t新品全面屏游戏拍照学生5G智能手机大电池官方旗舰店正品vivoy55s,1399.00,广东,3000,558,https://detail.tmall.com/item.htm?id=675281683089&ns=1&abbucket=1,https:https://picasso.alicdn.com/imgextra/O1CNA1yPCA6h1K9v9GAkvGQ_!!2207440821122-0-psf.jpg
【官方旗舰店】4G全网通关爱心正品老年手机超长待机老人机大屏幕大字大声音男女士学生专用非智能按键,148.00,江苏,3000,2862,https://detail.tmall.com/item.htm?id=671321482927&ns=1&abbucket=1,https://g-search2.alicdn.com/img/bao/uploaded/i4/i4/2616970884/O1CN01o5kiHU1IOusNpyt72_!!0-item_pic.jpg
【前5名赠小米背包】红米Note9 5G手机xiaomi红米小米官方旗舰店红米note9pro全网通5g正品note9,1299.00,广东,2000,818,https://detail.tmall.com/item.htm?id=633165767202&ns=1&abbucket=1,https://g-search2.alicdn.com/img/bao/uploaded/i4/i2/1710936647/O1CN01F8Bih21yyNPib8JJQ_!!0-item_pic.jpg
【现货速发】xiaomi/小米红米9A 大电池老年人智能手机官方旗舰官网店8正品redmi便宜10老人千元学生系列,619.00,广东,2000,4658,https://detail.tmall.com/item.htm?id=629003021741&ns=1&abbucket=1,https://g-search1.alicdn.com/img/bao/uploaded/i4/i1/1666576242/O1CN01v58Mjt1vyt0WGw5PU_!!0-item_pic.jpg
【下单立减800元 抢先收藏+移动用户专享优惠！】苹果13 Pro手机iPhone 13 Pro苹果手机官方旗舰iphone13Pro,7999.00,广东,2000,3379,https://detail.tmall.com/item.htm?id=656171911308&ns=1&abbucket=1,https://g-search3.alicdn.com/img/bao/uploaded/i4/i2/713805254/O1CN015T6lkh1ogNh2c43uR_!!0-item_pic.jpg
移动用户专享250红米Note 11T Pro中国移动官旗新品拍照智能游戏5G手机正品小米官方旗舰店note11官网正品,1999.00,浙江,2000,340,https://detail.tmall.com/item.htm?id=675129290166&ns=1&abbucket=1,https://g-search3.alicdn.com/img/bao/uploaded/i4/i2/1776456424/O1CN01QC7SLX1xKF5dZQWo4_!!0-item_pic.jpg
【官方旗舰店】纽曼W69双屏4G全网通翻盖手机老人机老年手机大屏大字大声学生男女士商务超长待机按键非智能,199.00,广东,2000,3562,https://detail.tmall.com/item.htm?id=657778160509&ns=1&abbucket=1,https://g-search3.alicdn.com/img/bao/uploaded/i4/i2/1688913659/O1CN01EdpOEU1ctrxbqWvCA_!!0-item_pic.jpg
【下单享6期免息】OPPO A96 大内存大电池新品5G学生手机 小星环 呼吸灯 双子星环 OPPO官方旗舰店oppoa96,1599.00,广东,2000,3293,https://detail.tmall.com/item.htm?id=665402654795&ns=1&abbucket=1,https://g-search3.alicdn.com/img/bao/uploaded/i4/i1/901409638/O1CN01dkTZ1I2L4G2xQ30oC_!!0-item_pic.jpg
【天玑1100处理器】小米/Redmi Note 10 Pro 5G智能红米手机学生拍照游戏官方旗舰店红米官方旗舰店官网,1499.00,北京,2000,56868,https://detail.tmall.com/item.htm?id=643131629762&ns=1&abbucket=1,https://g-search3.alicdn.com/img/bao/uploaded/i4/i4/1714128138/O1CN011tF7Mh29zFwo3BBfS_!!0-item_pic.jpg
【3期免息 至高立减200元】vivo T1新款高通骁龙778G学生大电池时尚正品拍照智能分期5G游戏vivo t1,1799.00,广东,2000,5820,https://detail.tmall.com/item.htm?id=656240627625&ns=1&abbucket=1,https:https://picasso.alicdn.com/imgextra/O1CNA1qO5OFM1K9v9Di2t0G_!!2207440821122-0-psf.jpg
【立即抢购 购机享24期免息】小米11Ultra小米115g手机智能拍照游戏小米官方旗舰店红米小米安卓,3999.00,北京,2000,12562,https://detail.tmall.com/item.htm?id=639769508905&ns=1&abbucket=1,https://g-search3.alicdn.com/img/bao/uploaded/i4/i1/1714128138/O1CN01s1zC6d29zFwnxCz3R_!!0-item_pic.jpg
【加赠99元胶囊耳机】Xiaomi/Redmi小米红米Note 11T Pro+新品天玑8100处理器手机官方旗舰店note11,2099.00,北京,2000,974,https://detail.tmall.com/item.htm?id=674259867553&ns=1&abbucket=1,https://g-search3.alicdn.com/img/bao/uploaded/i4/i1/1714128138/O1CN01EL7Uyv29zFwriiGJK_!!0-item_pic.jpg
【下单优惠100元】OPPO A32 大电池大内存快充正品拍照手机 OPPO手机官方旗舰店 oppoa32 智能老人,899.00,广东,2000,0,https://detail.tmall.com/item.htm?id=627146227332&ns=1&abbucket=1,https://g-search1.alicdn.com/img/bao/uploaded/i4/i4/901409638/O1CN01AX7IRy2L4G2sEPbRj_!!0-item_pic.jpg
[送座充] 纽曼 M6老人机超长待机正品移动电信版联通4G全网通老年手机大屏大字大声音按键直板功能女学生,148.00,广东,2000,5171,https://detail.tmall.com/item.htm?id=644480102843&ns=1&abbucket=1,https://g-search3.alicdn.com/img/bao/uploaded/i4/i4/3357872061/O1CN0155AE1S1R5yzLkkEmb_!!0-item_pic.jpg
【30日20点抢五折】摩托罗拉 moto edge S30骁龙888plus旗舰5G 一亿像素5000mAh大电池144Hz高刷,2199.00,北京,2000,5214,https://detail.tmall.com/item.htm?id=662489744322&ns=1&abbucket=1,https://g-search3.alicdn.com/img/bao/uploaded/i4/i1/2380534912/O1CN01PX7Nsn1m9kEtWMs2t_!!0-item_pic.jpg
【24期免息 晒单赠双肩包】vivoS15 Pro拍照智能天玑8100游戏学生5G旗舰手机正品官方旗舰店S12pro新款,3399.00,广东,2000,1336,https://detail.tmall.com/item.htm?id=673649496316&ns=1&abbucket=1,https:https://picasso.alicdn.com/imgextra/O1CNA1NYxpoX1K9v9Di31JS_!!2207440821122-0-psf.jpg
【抢先收藏 全国联保1年 移动用户专享】苹果13手机iPhone13苹果手机官方旗舰苹果5G新品苹果13国行正品,5999.00,广东,2000,1172,https://detail.tmall.com/item.htm?id=656726430640&ns=1&abbucket=1,https://g-search3.alicdn.com/img/bao/uploaded/i4/i3/713805254/O1CN01H1ucz41ogNh3r8Hvw_!!0-item_pic.jpg
移动用户专享900送67W充电器Xiaomi小米12X 5g手机中国移动官旗骁龙870旗舰智能全面屏小米12x小米官方旗舰店,3799.00,浙江,2000,2095,https://detail.tmall.com/item.htm?id=666209810080&ns=1&abbucket=1,https://g-search1.alicdn.com/img/bao/uploaded/i4/i1/1776456424/O1CN01HFbS7H1xKF5grOzQz_!!0-item_pic.jpg
【12期免息 至高省500】OnePlus/一加10 Pro 5g享OPPO售后安卓骁龙电竞游戏旗舰智能手机官方旗舰店官网正品,4199.00,广东,2000,5880,https://detail.tmall.com/item.htm?id=664621712649&ns=1&abbucket=1,https://g-search3.alicdn.com/img/bao/uploaded/i4/i4/2256022143/O1CN01UWt8kU1RhXX2uN5FG_!!0-item_pic.jpg
【至高立减430元+移动用户专享】OPPO k9X 5G新款oppok9x oppo手机官方旗舰店0ppo 5g全网通智能拍照游戏,1349.00,广东,2000,580,https://detail.tmall.com/item.htm?id=665262106496&ns=1&abbucket=1,https://g-search3.alicdn.com/img/bao/uploaded/i4/i3/713805254/O1CN01akDW6P1ogNgxBbpV2_!!0-item_pic.jpg
【顺丰速发+至高可减500】小米Redmi k50pro 5G手机红米K50 Pro电竞版Xiaomi官方官网旗舰店K40系列ultra K40,2949.00,北京,2000,545,https://detail.tmall.com/item.htm?id=670166746078&ns=1&abbucket=1,https://g-search2.alicdn.com/img/bao/uploaded/i4/i3/2201438992231/O1CN01NwTDX21SLqNy6luNT_!!0-item_pic.jpg
【官方正品/全国联保】小米Redmi 红米K50 Pro 天玑9000手机5G小米k50官方旗舰店正品官网红米k50 pro,2999.00,上海,2000,471,https://detail.tmall.com/item.htm?id=674698715636&ns=1&abbucket=1,https://g-search3.alicdn.com/img/bao/uploaded/i4/i4/686947088/O1CN01OZk8aA22EM4qbr9u5_!!0-item_pic.jpg
HONOR/荣耀Magic4 Pro 5G手机高通骁龙8芯片 潜望长焦摄像头 高频高刷曲面屏官方旗舰店官网正品商务游戏拍照,5499.00,广东,2000,2692,https://detail.tmall.com/item.htm?id=668845632878&ns=1&abbucket=1,https://g-search3.alicdn.com/img/bao/uploaded/i4/i1/1114511827/O1CN01rfKQAP1PMoNHtx8uL_!!0-item_pic.jpg
【立减800元 抢先收藏+移动用户专享优惠！】苹果13 ProMax苹果新品苹果官方旗舰店手机13promax全国联保,8999.00,广东,2000,4096,https://detail.tmall.com/item.htm?id=655408593076&ns=1&abbucket=1,https://g-search3.alicdn.com/img/bao/uploaded/i4/i1/713805254/O1CN01TslIYg1ogNgu26zQX_!!0-item_pic.jpg
【24期免息 晒单赠闪充套装】vivo X80 Pro新款旗舰手机高通骁龙8蔡司拍照智能5G游戏全面屏官方旗舰店官网,5499.00,广东,2000,3248,https://detail.tmall.com/item.htm?id=670819897157&ns=1&abbucket=1,https://g-search3.alicdn.com/img/bao/uploaded/i4/i3/2207440821122/O1CN01b6VmZU1K9v9KGhszU_!!0-item_pic.jpg
【领88券可减100元 赠碎屏险+壳膜】Apple/苹果iPhone 13全网通5G手机原装国行苹果13手机中国电信官网旗舰店,5999.00,江苏,2000,618,https://detail.tmall.com/item.htm?id=629984213211&ns=1&abbucket=1,https://g-search2.alicdn.com/img/bao/uploaded/i4/i2/751075004/O1CN01vUVhMK1mpsg87Ywjz_!!0-item_pic.jpg
【官旗】诺基亚105 4G全网通老年老人手机按键大字大声电信学生戒网儿童功能备用老人机老年机官方旗舰店,199.00,天津,2000,6016,https://detail.tmall.com/item.htm?id=649261941250&ns=1&abbucket=1,https://g-search1.alicdn.com/img/bao/uploaded/i4/i2/3367335567/O1CN01nRb1ce1qzjezKHjsV_!!0-item_pic.jpg
纽曼 L66移动联通电信版老人手机老年手机超长待机直板按键大屏大字大声超长待机男女学生4G全网通功能机,75.00,广东,2000,8291,https://detail.tmall.com/item.htm?id=600167608391&ns=1&abbucket=1,https://g-search2.alicdn.com/img/bao/uploaded/i4/i4/1688913659/O1CN01U4Kjgo1ctrwYAUwhf_!!0-item_pic.jpg
HONOR/荣耀Play5T 4G手机5000mAh大电池22.5W快充新款官方旗舰店正品学生游戏拍照备用商务智能6T,1099.00,广东,2000,29573,https://detail.tmall.com/item.htm?id=644439501338&ns=1&abbucket=1,https://g-search3.alicdn.com/img/bao/uploaded/i4/i3/1114511827/O1CN01YLZpK31PMoNK37I61_!!0-item_pic.jpg
【官方旗舰店】金立V3翻盖老年机正品超长待机老人手机一键拨号大屏大字大声音电信4G全网通男女商务老人机,138.00,广东,2000,821,https://detail.tmall.com/item.htm?id=672083743389&ns=1&abbucket=1,https://g-search3.alicdn.com/img/bao/uploaded/i4/i1/2209781585439/O1CN0120E2OG1q36wnQgCAl_!!0-item_pic.jpg
HONOR/荣耀70 5G智能手机 行业首发IMX800三主摄 Vlog主角模式拍摄 前后双曲屏 66W超级快充 官方旗舰店官网,2699.00,广东,2000,564,https://detail.tmall.com/item.htm?id=674733267478&ns=1&abbucket=1,https://g-search2.alicdn.com/img/bao/uploaded/i4/i4/1114511827/O1CN01YugOuu1PMoNHyqSIA_!!0-item_pic.jpg
【立省100】真我Q5 新机60W智慧闪充5000mAh大电池6nm骁龙5G芯学生游戏智能老人realmeq5,1399.00,广东,2000,635,https://detail.tmall.com/item.htm?id=672834539246&ns=1&abbucket=1,https://g-search1.alicdn.com/img/bao/uploaded/i4/i2/2200766936524/O1CN01shwtNS1y42hGM6wCk_!!0-item_pic.jpg
【官方正品/满减190】小米 Redmi 红米Note9 5G手机官方旗舰店官网11pro+正品k40新款4g直降系列10s千元,1099.00,上海,1000,642,https://detail.tmall.com/item.htm?id=632171346266&ns=1&abbucket=1,https://g-search1.alicdn.com/img/bao/uploaded/i4/i1/686947088/O1CN01Dhyj0Y22EM4yibODu_!!0-item_pic.jpg
当天发/送豪华礼 荣耀X30 12+256G 5G手机超级快充大屏拍照智能华5g 为手机官方旗舰手机店官网正品X30i max,1349.00,广东,1000,385,https://detail.tmall.com/item.htm?id=673545801638&ns=1&abbucket=1,https://g-search3.alicdn.com/img/bao/uploaded/i4/i1/909410026/O1CN013gaP0v1C3x3TDom05_!!0-item_pic.jpg
【购机优惠200元】OPPO K9s 智能拍照5g手机全面屏游戏手机排行榜oppo官方旗舰店正品官网学生机oppok9s,1399.00,广东,1000,2650,https://detail.tmall.com/item.htm?id=657224659177&ns=1&abbucket=1,https://g-search3.alicdn.com/img/bao/uploaded/i4/i2/901409638/O1CN014kRKht2L4G2u8YEdU_!!0-item_pic.jpg
【送充电器套装】小米12X 骁龙870旗舰处理器5G手机小米官方旗舰店正品官网新品新款xiaomi 12x拍照游戏,3799.00,广东,1000,400,https://detail.tmall.com/item.htm?id=665906212502&ns=1&abbucket=1,https://g-search2.alicdn.com/img/bao/uploaded/i4/i4/713805254/O1CN01XPu2gk1ogNgzZuqiP_!!0-item_pic.jpg
【至高优惠200元】OPPO K10 Pro 5G智能拍照手机全面屏新款电竞游戏oppo手机官网旗舰店官方正品oppok10pro,2599.00,广东,1000,1264,https://detail.tmall.com/item.htm?id=671949000055&ns=1&abbucket=1,https://g-search1.alicdn.com/img/bao/uploaded/i4/i3/901409638/O1CN01hYWF522L4G33arvKZ_!!0-item_pic.jpg
朵唯V9迷你学生手机戒网瘾专用非智能男女备用超薄超小全网通儿童初中生高中生老人机只可以打电话卡片小,88.00,广东,1000,8708,https://detail.tmall.com/item.htm?id=630583315425&ns=1&abbucket=1,https://g-search3.alicdn.com/img/bao/uploaded/i4/i3/1793651541/O1CN019KNyen1NFoy9VkPHK_!!0-item_pic.jpg
【6G版降300 指定整点赢耳机】vivo iQOO U5新品手机千元5G游戏学生老人大电池智能iq00官方旗舰店vivoiqoou5,1349.00,广东,1000,1573,https://detail.tmall.com/item.htm?id=663721536216&ns=1&abbucket=1,https://g-search3.alicdn.com/img/bao/uploaded/i4/i3/883737303/O1CN010N47sj23opESjKcfc_!!0-item_pic.jpg
【NEKEN官方旗舰店】4G全网通正品老人机超长待机三防直板老年手机大屏大字大声移动联通电信版按键智能,69.00,广东,1000,31172,https://detail.tmall.com/item.htm?id=537659955795&ns=1&abbucket=1,https://g-search1.alicdn.com/img/bao/uploaded/i4/i1/1793270189/O1CN01PyqtFb1DGbbehehNw_!!0-item_pic.jpg
【享24期免息】OPPO Find X5 Pro智能游戏拍照全面屏5g学生手机oppo手机旗舰店官方新品oppofindx5 x3,5199.00,广东,1000,2179,https://detail.tmall.com/item.htm?id=667038156568&ns=1&abbucket=1,https://g-search3.alicdn.com/img/bao/uploaded/i4/i3/901409638/O1CN01i6fMZr2L4G2zy3bmd_!!0-item_pic.jpg
HONOR/荣耀畅玩30 Plus 5G手机5000mAh大电池22.5W超级快充新品官方旗舰店正品学生老人机全面屏游戏,1099.00,广东,1000,2723,https://detail.tmall.com/item.htm?id=663625312179&ns=1&abbucket=1,https://g-search3.alicdn.com/img/bao/uploaded/i4/i3/1114511827/O1CN01nMkOpS1PMoNLOhrqv_!!0-item_pic.jpg
【赠充电器】HUAWEI/华为 P50E 新款华为智能手机全网通全面屏66W超级快充HarmonyOS2华为官方旗舰店,4088.00,广东,1000,1360,https://detail.tmall.com/item.htm?id=669872206854&ns=1&abbucket=1,https://g-search2.alicdn.com/img/bao/uploaded/i4/i2/2838892713/O1CN01w7Er5x1VubI2Xr8yV_!!0-item_pic.jpg
【12期免息 会员赠半年延保】vivo S15e大内存66W闪充拍照游戏电竞智能学生正品5G手机 官方旗舰店S12,1999.00,广东,1000,1127,https://detail.tmall.com/item.htm?id=673006651686&ns=1&abbucket=1,https:https://picasso.alicdn.com/imgextra/O1CNA1ZlDuMS1K9v9ISKYID_!!2207440821122-0-psf.jpg
Xiaomi/小米 Redmi 红米Note9 5G手机官方旗舰店官网11pro+正品k40新款4g直降系列10s,1299.00,广东,1000,375,https://detail.tmall.com/item.htm?id=659898095105&ns=1&abbucket=1,https://g-search1.alicdn.com/img/bao/uploaded/i4/i2/713805254/O1CN01iYwEGo1ogNh1wmZ3c_!!0-item_pic.jpg
vivo iQOO Z5 新款旗舰5G手机vivoz5 iqooz5 iq00z5 vivoz5手机 ipooz5 iqqoz5 iq5 iooqz5 vivo 爱酷z5,1599.00,江苏,1000,2347,https://detail.tmall.com/item.htm?id=655359809691&ns=1&abbucket=1,https://g-search3.alicdn.com/img/bao/uploaded/i4/i1/1637289231/O1CN01F9c2el2I3qqaODDZ2_!!0-item_pic.jpg
13年老店 Apple/苹果 iPhone 13pro苹果13 minipromax 5G苹果手机,3980.00,广东,1000,417,https://item.taobao.com/item.htm?id=662845914681&ns=1&abbucket=1#detail,https://g-search2.alicdn.com/img/bao/uploaded/i4/i4/201522459/O1CN01xMlcP51U2GdMI9e8J_!!201522459.jpg
xiaomi小米/移动用户专享/红米Note10 5G手机官方旗舰店note9系列官网正品Redmi新款红米,1099.00,广东,1000,2135,https://detail.tmall.com/item.htm?id=645761790020&ns=1&abbucket=1,https://g-search3.alicdn.com/img/bao/uploaded/i4/i1/713805254/O1CN01scrUKC1ogNh2YpmVJ_!!0-item_pic.jpg
【至高省600】真我GT大师探索版高通骁龙870三星屏65W智慧闪充拍照学生游戏手机智能官方正品,2999.00,广东,1000,23967,https://detail.tmall.com/item.htm?id=649433236794&ns=1&abbucket=1,https://g-search2.alicdn.com/img/bao/uploaded/i4/i2/2200766936524/O1CN01KACfUZ1y42hIIVUnQ_!!0-item_pic.jpg
【3期免息 满减400元】小米/Redmi 红米K50 Pro 天玑9000手机K50全网通小米官方旗舰店红米K50pro官网正品,2849.00,广东,1000,592,https://detail.tmall.com/item.htm?id=670519499429&ns=1&abbucket=1,https://g-search1.alicdn.com/img/bao/uploaded/i4/i2/1710936647/O1CN01eve1071yyNPbvZNys_!!0-item_pic.jpg
华为老人机大屏大字全网通4G移动老年手机超长待机大声音联通电信,118.00,广东,1000,964,https://item.taobao.com/item.htm?id=673989073517&ns=1&abbucket=1#detail,https://g-search2.alicdn.com/img/bao/uploaded/i4/i2/2209136126760/O1CN01NvcGv81zo8A0zbaku_!!2209136126760.jpg
【官网价直降800 赠碎屏险+壳膜】Apple/苹果iPhone 13全网通5G手机原装国行苹果13手机中国电信官网旗舰店,5999.00,江苏,1000,590,https://detail.tmall.com/item.htm?id=662064433355&ns=1&abbucket=1,https://g-search3.alicdn.com/img/bao/uploaded/i4/i1/751075004/O1CN01lR9LYh1mpsfwlQxpz_!!0-item_pic.jpg
【移动用户专享立减550】vivo iqoo z5x新品5g手机 中国移动官旗 正品vivo手机iqooz5x vivo,1839.00,浙江,1000,410,https://detail.tmall.com/item.htm?id=658513048038&ns=1&abbucket=1,https://g-search1.alicdn.com/img/bao/uploaded/i4/i3/1776456424/O1CN010HmBiO1xKF5dlH73n_!!0-item_pic.jpg
Apple/苹果 iPhone 13 Pro Max国行正品13pro新款苹果13手机分期,4700.00,广东,1000,186,https://item.taobao.com/item.htm?id=676308635233&ns=1&abbucket=1#detail,https://g-search2.alicdn.com/img/bao/uploaded/i4/i3/3541553921/O1CN010GPKS21eprjqg17Zx_!!0-item_pic.jpg
【至高省400】realme真我GT2 骁龙888索尼IMX766主摄120Hz畅速屏65W智慧闪充智能游戏拍照,2599.00,广东,1000,2779,https://detail.tmall.com/item.htm?id=664469043665&ns=1&abbucket=1,https://g-search1.alicdn.com/img/bao/uploaded/i4/i1/2200766936524/O1CN01J3qTjJ1y42h9xBLct_!!0-item_pic.jpg
[6期免息+立省700+赠充电器]meizu魅族18X高通骁龙870智能5G手机直面屏幕120Hz拍照游戏音乐官方旗舰店正品,2599.00,广东,1000,1797,https://detail.tmall.com/item.htm?id=654275716194&ns=1&abbucket=1,https://g-search2.alicdn.com/img/bao/uploaded/i4/i4/1695308781/O1CN01Cb4DuO2EjkcTkohKG_!!0-item_pic.jpg
【4G全网通】索爱SA-Z9C翻盖老人手机大音量大屏幕大字大声老年机非智能超长待机支持联通电信按键机正品1336,169.00,江苏,1000,793,https://detail.tmall.com/item.htm?id=671961312568&ns=1&abbucket=1,https://g-search3.alicdn.com/img/bao/uploaded/i4/i3/2616970884/O1CN01LtZpmm1IOusybqCpz_!!0-item_pic.jpg
vivo iQOO Z5全新5g手机vivoiqooz5vivoz5手机iqooz5 iqz5 iq00z5vovoz5 z5x z3限量版 viviz5vivo官方官网店,1399.00,广东,1000,555,https://detail.tmall.com/item.htm?id=655737082616&ns=1&abbucket=1,https://g-search2.alicdn.com/img/bao/uploaded/i4/i2/1824502713/O1CN01ULaKg41VubID0CHrA_!!0-item_pic.jpg
HONOR/荣耀70 Pro+ 5G智能手机 行业首发IMX800三主摄 Vlog主角模式拍摄 搭载天玑9000旗舰芯片 100W超级快充,4299.00,广东,1000,381,https://detail.tmall.com/item.htm?id=674734343442&ns=1&abbucket=1,https://g-search3.alicdn.com/img/bao/uploaded/i4/i3/1114511827/O1CN01tlzytb1PMoNRJ3m34_!!0-item_pic.jpg
纽曼K30老年手机超长待机正品4G全网通老人机大屏大字大声音电信版女士学生款专用高中生按键智能【1052】,109.00,浙江,1000,1763,https://detail.tmall.com/item.htm?id=665394792729&ns=1&abbucket=1,https://g-search2.alicdn.com/img/bao/uploaded/i4/i2/2616970884/O1CN01ucqYme1IOurAbaRN9_!!0-item_pic.jpg
HONOR/荣耀60 SE 5G智能手机120Hz曲面屏手机新款官方旗舰店官网正品学生拍照智能机高刷新率轻薄商务50,1999.00,广东,1000,2657,https://detail.tmall.com/item.htm?id=667568077242&ns=1&abbucket=1,https://g-search2.alicdn.com/img/bao/uploaded/i4/i3/1114511827/O1CN01b3qUml1PMoNQM8GXx_!!0-item_pic.jpg
【享24期免息】OPPO Find X5 智能游戏拍照全面屏5g手机oppo手机旗舰店新款官方正品oppofindx5,3999.00,广东,1000,2170,https://detail.tmall.com/item.htm?id=667780670072&ns=1&abbucket=1,https://g-search3.alicdn.com/img/bao/uploaded/i4/i1/901409638/O1CN01YqoGbu2L4G2yjBntG_!!0-item_pic.jpg
【下单送双肩包】Xiaomi/小米 红米Redmi K40S 5G手机官方旗舰店新款k40s游戏增强版学生小米,2199.00,广东,1000,317,https://detail.tmall.com/item.htm?id=670766870193&ns=1&abbucket=1,https://g-search3.alicdn.com/img/bao/uploaded/i4/i2/713805254/O1CN015y66Oh1ogNguS8cia_!!0-item_pic.jpg
【至高省500 库存有限速抢】vivo iQOO Neo5高通骁龙870 5g游戏新品爱酷手机官方旗舰店iqooneo iq00neo5,2699.00,广东,1000,66706,https://detail.tmall.com/item.htm?id=639142927098&ns=1&abbucket=1,https://g-search3.alicdn.com/img/bao/uploaded/i4/i1/883737303/O1CN01culZfi23opEMzYgDi_!!0-item_pic.jpg
移动用户专享420元Redmi红米Note 10 5G小米手机中国移动官旗note10智能5g手机红米note10正品小米官方旗舰店,1399.00,浙江,1000,1446,https://detail.tmall.com/item.htm?id=645168216969&ns=1&abbucket=1,https://g-search3.alicdn.com/img/bao/uploaded/i4/i3/1776456424/O1CN01jGT6jl1xKF5WHQgYJ_!!0-item_pic.jpg
【抢6台5折 至高省500赢双肩包】vivo iQOO Z5骁龙长续航学生闪充游戏5g大电池手机爱酷官方旗舰店vivoiqooz5,1849.00,广东,1000,4025,https://detail.tmall.com/item.htm?id=655209081932&ns=1&abbucket=1,https://g-search2.alicdn.com/img/bao/uploaded/i4/i2/883737303/O1CN01B0ue0q23opEXTjfz5_!!0-item_pic.jpg
【4g全网通】诺基亚215老年老人手机直板超长待机声音大电信学生备用老人机老年机经典官方旗舰店,269.00,天津,1000,8343,https://detail.tmall.com/item.htm?id=628613232678&ns=1&abbucket=1,https://g-search2.alicdn.com/img/bao/uploaded/i4/i1/3367335567/O1CN01YAmOXI1qzjf9D5Giq_!!0-item_pic.jpg
【至高立减200 会员赠耳机】vivo Y55s全网通游戏拍照学生5G智能手机大电池vivo手机官方旗舰店vivoy55s,1299.00,广东,1000,2332,https://detail.tmall.com/item.htm?id=662930925322&ns=1&abbucket=1,https:https://picasso.alicdn.com/imgextra/O1CNA1cwquLy1K9v9GAyp1p_!!2207440821122-0-psf.jpg
当天发货【送好礼】iPhone/苹果13 5G手机 苹果官方旗舰店国行正品MINI官网直降max24期分期12pro,5198.00,广东,1000,1284,https://detail.tmall.com/item.htm?id=656856227462&ns=1&abbucket=1,https://g-search3.alicdn.com/img/bao/uploaded/i4/i4/2215302589/O1CN01xdz6iG1UzoB02tFo5_!!0-item_pic.jpg
官方旗舰朵唯S9全网通4G老年手机大字大声超长待机初高中小学生价百元便宜迷你儿童戒网瘾专用按键大屏老人机,72.00,广东,1000,207,https://detail.tmall.com/item.htm?id=675620751751&ns=1&abbucket=1,https://g-search2.alicdn.com/img/bao/uploaded/i4/i3/2208246250990/O1CN01IqZq6t1JBSrRarzUI_!!0-item_pic.jpg
HONOR/荣耀畅玩20 4G手机5000mAh大电池6.5英寸高清护眼屏震撼大音量新款官方旗舰店官网正品学生备用老人机,899.00,广东,1000,2853,https://detail.tmall.com/item.htm?id=643615782418&ns=1&abbucket=1,https://g-search2.alicdn.com/img/bao/uploaded/i4/i4/1114511827/O1CN01Q7mvfD1PMoNWWbLJ1_!!2-item_pic.png
可减250元+选送手环】HONOR/荣耀X30 5G手机官方旗舰店正品新款全网通x30i学生官网直降x20荣耀x30,1239.00,广东,1000,2329,https://detail.tmall.com/item.htm?id=662599988492&ns=1&abbucket=1,https://g-search3.alicdn.com/img/bao/uploaded/i4/i4/2024314280/O1CN01nd9CK91hUHvIC8aCs_!!0-item_pic.jpg
【30日20点抢五折 下单立减50】摩托罗拉 edge s pro 1亿像素 50X潜望式变焦144Hz OLED屏 骁龙870新品5G,1799.00,北京,1000,7711,https://detail.tmall.com/item.htm?id=651963710437&ns=1&abbucket=1,https://g-search2.alicdn.com/img/bao/uploaded/i4/i1/2380534912/O1CN01gDmArc1m9kEv5t4GY_!!0-item_pic.jpg
【苏宁易购】关爱心T20手机4G全网通老年机超长待机大声音老年手机老人机手机大屏女按键诺基K老年1838,118.00,江苏,1000,1811,https://detail.tmall.com/item.htm?id=671320766365&ns=1&abbucket=1,https://g-search3.alicdn.com/img/bao/uploaded/i4/i4/2616970884/O1CN012M87BK1IOurzLOuQy_!!0-item_pic.jpg
纽曼 L660老年手机翻盖手机移动联通电信版手机大字大声正品超长待机老年机大屏语音王军工4G全网通老人机,139.00,安徽,1000,12786,https://detail.tmall.com/item.htm?id=557603214362&ns=1&abbucket=1,https://g-search1.alicdn.com/img/bao/uploaded/i4/i1/1969211639/O1CN01VZCQnp1NyhoyxYKrc_!!0-item_pic.jpg
当天发货【24期分期】HONOR/荣耀50 5G手机官方旗舰店正品系列v70新款60十直降pro曲面屏40官网SE全网通游戏,1639.00,广东,1000,4003,https://detail.tmall.com/item.htm?id=646131889766&ns=1&abbucket=1,https://g-search3.alicdn.com/img/bao/uploaded/i4/i2/2215302589/O1CN01n1BkhM1UzoB4lQQzp_!!0-item_pic.jpg
当天发/分期免息 小米红米Note9 Pro 8+256GB 一亿像素5G手机120Hz高频骁龙750G小米官方旗舰正品店,1019.00,广东,1000,2838,https://detail.tmall.com/item.htm?id=634181776090&ns=1&abbucket=1,https://g-search2.alicdn.com/img/bao/uploaded/i4/i1/909410026/O1CN01QPTF2L1C3x0QoB7Jn_!!0-item_pic.jpg
【至高立减430】移动用户专享 HONOR/荣耀X30 5G手机 中国移动官旗骁龙大内存 新品新款游戏学生,1999.00,浙江,1000,463,https://detail.tmall.com/item.htm?id=665735013233&ns=1&abbucket=1,https://g-search2.alicdn.com/img/bao/uploaded/i4/i1/1776456424/O1CN01lq0ecd1xKF5dnWMve_!!0-item_pic.jpg
Apple/苹果 iPhone 12 全新国行原装5G双卡双待苹果十二正品手机,4206.00,广东,1000,1485,https://item.taobao.com/item.htm?id=668500181608&ns=1&abbucket=1#detail,https://g-search3.alicdn.com/img/bao/uploaded/i4/i3/1657186988/O1CN01ijTQ4h21UYS4FnOdU_!!1657186988.jpg
24期免息 顺丰当天发】荣耀X30 5G手机官方旗舰店官网正品新款直降全面屏66W快充智能游戏千元机华为,1389.00,北京,1000,1507,https://detail.tmall.com/item.htm?id=606458641072&ns=1&abbucket=1,https://g-search3.alicdn.com/img/bao/uploaded/i4/i4/2924891464/O1CN01MIGibu1MgYbCtMXbl_!!0-item_pic.jpg
HONOR/荣耀 Magic3手机 骁龙888旗舰芯片 多主摄计算摄影 89°超曲屏官方旗舰店官网智能游戏拍照5G,4999.00,广东,1000,7157,https://detail.tmall.com/item.htm?id=652338994120&ns=1&abbucket=1,https://g-search1.alicdn.com/img/bao/uploaded/i4/i2/1114511827/O1CN01zCAFUj1PMoNNybog8_!!0-item_pic.jpg
【一亿像素】小米/Redmi note11 pro红米手机拍照智能全面屏一亿像素游戏学生家用办公天玑920,1599.00,北京,1000,1835,https://detail.tmall.com/item.htm?id=655396678406&ns=1&abbucket=1,https://g-search1.alicdn.com/img/bao/uploaded/i4/i2/1714128138/O1CN01gyYxHU29zFwkEysxV_!!0-item_pic.jpg
【至高立减200 会员赠耳机】vivo Y32智能游戏手机大内存电池 vivo官方旗舰店官网正品功能机学生机y32,1199.00,广东,1000,461,https://detail.tmall.com/item.htm?id=669531223201&ns=1&abbucket=1,https:https://picasso.alicdn.com/imgextra/O1CNA1pocov41K9v9Oo8oHT_!!2207440821122-0-psf.jpg
Apple/苹果 iPhone 13 国行13ProMax全新5G双卡mini迷你十三手机,4139.00,广东,1000,401,https://item.taobao.com/item.htm?id=673144347602&ns=1&abbucket=1#detail,https://g-search3.alicdn.com/img/bao/uploaded/i4/i1/1650307795/O1CN015rDxZL27SA588fwaR_!!1650307795.jpg
【咨询优惠30】小米红米Redmi Note9 Pro手机5g全网通xiaomi小米官方旗舰店官网正品红米note9直降,1019.00,广东,1000,1535,https://detail.tmall.com/item.htm?id=633100163832&ns=1&abbucket=1,https://g-search3.alicdn.com/img/bao/uploaded/i4/i3/2201491547305/O1CN01Mmdw9r23pjznANRxY_!!0-item_pic.jpg
OPPO A55s 5G拍照智能手机学生老人电竞游戏大内存 官方oppo旗舰店正品 a55s a53,1099.00,广东,1000,301,https://detail.tmall.com/item.htm?id=672820062017&ns=1&abbucket=1,https://g-search3.alicdn.com/img/bao/uploaded/i4/i3/901409638/O1CN014Y49gp2L4G2xZE2zq_!!0-item_pic.jpg
小米/Redmi 9A 5000mAh大电量屏幕游戏备用老年人手机xiaomi红米官方正品,599.00,浙江,1000,138,https://detail.tmall.com/item.htm?id=672524141786&ns=1&abbucket=1,https:https://picasso.alicdn.com/imgextra/O1CNA14c77882FLJ5v2wt8R_!!2213856588863-0-psf.jpg
官方旗舰店2022全新512g大内存5G智能手机正品i12Pro全网通千元百元老人机适用于华为荣耀oppo小米vivo耳机店,588.00,广东,1000,1365,https://detail.tmall.com/item.htm?id=670492081554&ns=1&abbucket=1,https://g-search1.alicdn.com/img/bao/uploaded/i4/i2/2201820881943/O1CN01PHUmhS1QDwIt2ahac_!!0-item_pic.jpg
纽曼L6-4G全网通老人机超长待机正品直板按键老年手机大屏大字大声音功能备用电信版女学生专用非智能小,118.00,广东,1000,7202,https://detail.tmall.com/item.htm?id=651555840265&ns=1&abbucket=1,https://g-search1.alicdn.com/img/bao/uploaded/i4/i1/3357872061/O1CN017hM90m1R5z2eCIakK_!!0-item_pic.jpg
